Word,E[I]
saner,5.999496759476149
raise,5.919663514608615
slate,5.870917468985224
stare,5.835939860611656
snare,5.835309822236471
siren,5.834421471694375
saute,5.799501398908043
arise,5.776461223789429
arose,5.754625123370852
stale,5.749975484143728
solar,5.742343609652883
aisle,5.723747432691015
sonar,5.706867977741387
parse,5.70060391266592
least,5.6789052106295355
store,5.676176487743049
snore,5.674938622547603
loser,5.655807736122951
saint,5.654715679542159
spare,5.6524677446748735
share,5.641364845221161
scare,5.6374122717449655
later,5.605988372578788
sedan,5.595883018866278
satin,5.592105008110922
roast,5.591153320195513
salon,5.588714597005949
steal,5.587207192341346
stole,5.586605409839655
risen,5.57611184197444
stair,5.575904523376463
caste,5.571676767945741
paste,5.567166624029646
suite,5.564407409505262
shale,5.563627254721751
sepia,5.562838768514679
scale,5.555127248829866
irate,5.554590325155991
rinse,5.549933278438681
spear,5.531135093974692
smear,5.53031953652685
stone,5.528108813274467
shear,5.526966586602536
sauce,5.525619965034759
safer,5.523435786250673
noise,5.519677029611257
sober,5.510101778124021
slain,5.509227065881797
rouse,5.502466172792786
spore,5.4953000747546845
alter,5.492613037605182
shore,5.48826078775187
lapse,5.4872286361534055
haste,5.48649992359829
learn,5.482539078151532
resin,5.481936168911406
score,5.481615754958204
poser,5.479686544992835
slide,5.4758838028163455
torus,5.472734824014498
spire,5.472181090711258
alien,5.468148222698135
stead,5.465011419145235
shire,5.464805678297135
baste,5.457755315210631
renal,5.455875953695898
slant,5.455051250031092
snail,5.451844783326177
paler,5.447407484868559
slope,5.439823671940082
cater,5.436781905272001
skate,5.434482764698068
trade,5.434072328459845
horse,5.426663107273439
leant,5.424896209909639
aider,5.423797522902511
tamer,5.42259530572625
crate,5.420284598199908
salty,5.419821540891542
snarl,5.419542038831389
spiel,5.419097965710083
slice,5.417502492668547
slime,5.4135731514161645
taper,5.413143110991514
poise,5.407609436106979
stain,5.405848496303453
alone,5.405744690746113
smote,5.403004261320968
prose,5.402006496226206
alert,5.40112290240035
miser,5.401043095807678
since,5.4002648539735345
teary,5.3991084045586994
louse,5.398220712982441
stage,5.388487709604477
smile,5.388184708263942
arson,5.387637821769742
spite,5.3866395892787295
smite,5.385218482858617
stern,5.382301286840971
snake,5.3800131929964765
trace,5.379372971094851
stein,5.376606590955927
cause,5.3750085033542945
pause,5.3742615750214195
large,5.370406515864348
skier,5.369956389048605
tread,5.369146987193792
leash,5.367901437815765
snide,5.366838589963488
ramen,5.364616726480743
satyr,5.3642116090493115
yeast,5.364100211352855
stake,5.363427630671992
onset,5.360179275156221
sower,5.359456442678202
solid,5.3583064732178025
beast,5.356469670569156
relay,5.354228472082356
layer,5.354041459591959
spade,5.352287583556939
dealt,5.350456265021195
shade,5.350407802058692
crane,5.348351632662389
canoe,5.346342260630035
tenor,5.344249608286815
snort,5.343623243802604
hater,5.341850202433025
ratio,5.341473941069976
shone,5.34124908463461
baler,5.340272853472913
stray,5.340103676581267
react,5.3395554244330015
route,5.339383364915793
liner,5.336954755268205
salve,5.3347937908731
pearl,5.3343810799577875
aside,5.332588707068278
steam,5.331770309319893
atone,5.330627322568043
scone,5.329743599280864
staid,5.327306675015802
super,5.327002483914378
laden,5.323119398274204
tried,5.319690169851294
smart,5.319663419387492
swear,5.316114860784248
adore,5.315577356282138
panel,5.315091265338986
nurse,5.3146850985127685
spine,5.314641314251945
shine,5.311590399204586
snipe,5.30747072067549
waste,5.306799913154647
singe,5.3059275557250976
heart,5.304383009828857
grate,5.3032216786295185
trail,5.302660700614973
islet,5.297486532107706
serif,5.297193448829154
shape,5.2950989526027294
early,5.29319789684293
space,5.292539021091873
trial,5.291559483244486
lager,5.289336635891647
false,5.285911134262817
train,5.285405747193532
shame,5.284158073973548
realm,5.283488987829046
range,5.28312804492995
surge,5.280147328399399
delta,5.280017128162256
nosey,5.278601216274997
swore,5.277275147878021
plate,5.276847089272843
close,5.276666206180182
tease,5.275360225856721
serum,5.273366072148366
coast,5.273319477504868
taker,5.272185355293861
lance,5.271370723205423
shoal,5.26700153119057
lease,5.260231567189213
strap,5.257386921945523
sneak,5.25276251398353
glare,5.249528544743788
drone,5.24931308568282
yearn,5.248429311475131
blare,5.245672276031149
shied,5.2435100596925714
worse,5.243454484954151
spied,5.243128416010912
table,5.2412445717791565
sweat,5.238382053242475
shalt,5.2356031770012255
steak,5.234775555289302
triad,5.231702336535612
diner,5.230163253071625
splat,5.229663297762618
clear,5.228494091669359
leapt,5.225697629530552
slept,5.22488622352497
earth,5.220141714562775
merit,5.2187819175047165
sadly,5.217686584339747
talon,5.217232565138455
curse,5.215814768632238
pesto,5.2150512186532465
purse,5.213641351951997
those,5.20861522113727
tonal,5.206717012900262
meant,5.206459917176952
lathe,5.2060360909858625
drape,5.205545731705643
plane,5.205444069928059
easel,5.204594538821988
trope,5.203665742015163
heist,5.203161814613045
erase,5.20304180555823
stoke,5.200627673567368
stand,5.199300488882654
sinew,5.196085048105861
spelt,5.195575409553542
trice,5.195418881693222
petal,5.194907724858335
crest,5.1946132969978835
caper,5.193137276698231
ready,5.193102834048301
feast,5.1918758850670725
soapy,5.191330003678583
smelt,5.188953893541312
timer,5.188265305027572
rebus,5.187923283184765
tripe,5.187567829273209
plier,5.1858330557952925
peril,5.185606884686445
cadet,5.185606707109657
great,5.183037837397334
borne,5.182250051471265
shake,5.181409016324123
radio,5.180709921925719
penal,5.180494642671756
crone,5.179547735276025
carol,5.179022454912579
metal,5.1783192262496875
anode,5.177105953547278
terse,5.176234415288005
mouse,5.174987705703847
prone,5.173980530028141
outer,5.172768768357365
payer,5.170896897027128
sleet,5.170060007029538
harem,5.168156723274985
cedar,5.165929255562773
shard,5.165045532058799
sandy,5.164872358408541
water,5.164126949300566
boast,5.163425198444919
sport,5.163032294362185
regal,5.162946138768692
scant,5.161239178505937
short,5.1611513844748425
mason,5.161060589980795
tilde,5.160846748527207
coral,5.160123255120946
style,5.159063598056813
polar,5.157844762635416
artsy,5.157396255936371
trash,5.157014003000378
tapir,5.156941791759293
spray,5.155561183248944
sugar,5.15183076392748
cleat,5.15178467997182
basil,5.150482488836899
heard,5.150361086464034
miner,5.15012846341284
reset,5.1484274718472465
pleat,5.147583324957475
solve,5.147056611123438
rainy,5.146987482081142
dance,5.145601388603428
cairn,5.1449002501836265
wiser,5.14428366678625
phase,5.1409673875280015
molar,5.140469916559585
savor,5.139647190137231
taken,5.139477744574226
motel,5.139073313833076
daisy,5.137401546438447
moral,5.137089703882564
goner,5.136697632902346
drain,5.135408072919398
delay,5.135017064684479
spent,5.132956015241115
amuse,5.1315500488756625
beard,5.130869366165675
story,5.128645474315322
sonic,5.1276743279919765
inter,5.125108192353299
remit,5.124607868738628
unset,5.124274805886638
matey,5.123670388393867
haute,5.123267037571969
urine,5.122900255514147
shirt,5.122567602075332
scope,5.121299395521463
chase,5.120264872794183
alike,5.119773274283707
nadir,5.1185314057143305
scent,5.1182663531583925
ripen,5.115335202602116
anime,5.111385196294013
stark,5.111379656278034
camel,5.110649567972782
older,5.107569981547607
spice,5.106747327548032
sneer,5.10672432734319
house,5.10539579106176
nasty,5.104549159858425
grade,5.1041765712657075
manor,5.102549076289743
swine,5.101641157427308
cried,5.10090663457727
steer,5.100883754179365
chaos,5.100765755591675
inlet,5.099017878200472
spoil,5.098813194590265
drake,5.098328244556438
basin,5.0979525357265345
cameo,5.095876451062857
tiger,5.095807115984775
gamer,5.095681129359067
ashen,5.0955668277152295
stave,5.094984108264754
setup,5.093561514130174
pried,5.09306174779858
agile,5.0909835406187955
posit,5.090730514243708
scary,5.088785906184382
snout,5.0886803318026095
repay,5.088052768936008
sound,5.085640249848198
metro,5.085188234969357
taste,5.0850917395623405
dairy,5.0849487900714685
maple,5.084763489820648
spree,5.0844519152640775
feral,5.083971998958201
copse,5.080541591057522
anger,5.079271492041868
pulse,5.077963670938146
moist,5.076686632097212
suave,5.076684525701987
clean,5.07625978667036
barge,5.075766556888961
tribe,5.075185145124792
hotel,5.073365611872752
forte,5.0726950071058745
flare,5.0718782511651135
scald,5.070433559076316
eater,5.069722414501311
scree,5.0685042738884984
shorn,5.067759321758587
gayer,5.0659550902328565
horde,5.064621366957187
debar,5.06379546088357
nicer,5.061765013632895
scram,5.0604649591109805
scorn,5.060392900776245
mealy,5.059951139694605
slang,5.059589304433695
heron,5.059499173727339
oaken,5.05941942099711
scrap,5.058568555640212
dream,5.0582759114716564
opera,5.05714318208551
state,5.056772671822201
relic,5.054644449487871
speak,5.05311469565161
sloth,5.0529414704008735
strip,5.050852330728862
meaty,5.046529182234053
brine,5.043049423307451
surly,5.0429033071149805
bread,5.0422048559456165
afire,5.04205966274797
clone,5.041621453197877
cease,5.040934942747785
media,5.040325174927051
storm,5.039970181151734
paint,5.03929041658606
raspy,5.039103051840034
marsh,5.038385855700124
bleat,5.036457102700581
baron,5.036205512621806
trend,5.036182629606603
brace,5.035620198146465
spilt,5.033900249413765
droit,5.033519806917788
inert,5.033208736400332
royal,5.032767943378111
death,5.032583845631254
pedal,5.031358215977156
locus,5.03125537706501
straw,5.03022599696635
grace,5.03007613872827
split,5.029513394612717
waist,5.028608524191071
maker,5.028167514485589
decal,5.028017269665036
grape,5.027966696195756
poesy,5.027495486548106
lunar,5.0249134779567655
tardy,5.023999435557847
pride,5.022578077428776
medal,5.022503329044209
cable,5.022314040319851
spoke,5.021635632784847
cider,5.020725000296756
stalk,5.020621382105221
smoke,5.020497927108406
guise,5.020483824192133
rayon,5.020357833578614
diary,5.018428149920466
abuse,5.017460877670247
patio,5.014141542053867
ethos,5.013612017989947
place,5.013353031373978
scion,5.012832638699574
steel,5.01271417967519
hoist,5.01246611483927
sharp,5.0112372736796145
argue,5.010705312878228
tidal,5.007022269743965
palsy,5.006421662156302
recap,5.006419407805753
rapid,5.0054879575516384
plead,5.005093091067616
scaly,5.003510602213918
spike,5.0026160149838885
farce,5.001229931935494
dirge,4.999849401709996
tower,4.999786505866088
skirt,4.999221879382152
valet,4.999137311892781
labor,4.9979270390478066
raven,4.996270661221818
reach,4.996170816164281
their,4.9960188323754595
salvo,4.9955442743611265
idler,4.994301531170872
asset,4.993517567530444
cream,4.9935025358305705
olden,4.992680104312314
email,4.992477503810256
loath,4.991551731522855
cruel,4.99059803899532
plait,4.989925846937336
blast,4.9898708098533415
saucy,4.989433206759514
ideal,4.988167781550377
reign,4.988093700921084
stoic,4.987923533173888
pasty,4.987650695818693
daily,4.987118339005688
tense,4.986753507990169
south,4.98321769145518
wrote,4.9830308681392
utile,4.982203357847295
stony,4.982139069833204
party,4.981981937757406
angel,4.980865592110228
rouge,4.978936081003951
sperm,4.978831113537992
hoard,4.978492428282359
model,4.978200701910414
glade,4.9759559831914375
shrew,4.97511303644909
noisy,4.97474021796781
scour,4.974437442746789
blade,4.97411778102839
acute,4.973674088161945
melon,4.971693920757009
grail,4.970780206219721
verso,4.970134626635554
masse,4.969359011608775
eclat,4.966465173556667
spend,4.966295650202417
angle,4.965353820146211
glean,4.964458122623881
plied,4.964284621440787
write,4.9630153055097646
patsy,4.962782358180726
stank,4.96150081429918
reuse,4.960898363505914
token,4.960790881449477
chose,4.959684087513132
truce,4.959601795153076
screw,4.959155643912371
upset,4.958919751899
board,4.958574769653749
decor,4.958504438805637
unite,4.958457506814635
salad,4.957925057027942
price,4.9577660843087275
after,4.957533011603918
comet,4.954654948205664
surer,4.954046937310173
lower,4.953021166095371
lithe,4.952319060621218
usage,4.952212598102855
groan,4.952140711352585
rogue,4.948995649397872
mange,4.947768629904689
stork,4.947663101542005
money,4.947471188124552
pansy,4.946587549667291
crime,4.94565828840976
piano,4.943771555395749
adorn,4.943412399940035
baker,4.942733433087518
deity,4.942050501653683
fetus,4.941997493528142
bonus,4.9416945209514545
riser,4.941515514974539
minus,4.941446630037822
grain,4.940172221506624
brain,4.94010381097235
homer,4.937729336825492
eaten,4.937548000021108
ascot,4.935178308031762
prime,4.9350298176665985
wrest,4.934270996161434
filer,4.932779280763432
sigma,4.932155156413382
stove,4.930307212826146
spark,4.929972540308857
apron,4.927975867565004
noble,4.927167315111702
actor,4.926182296486017
shark,4.924974244629355
brake,4.924770812553269
cutie,4.9246863703428705
ocean,4.923640895682934
rabid,4.9229160100727265
opine,4.92175113122048
prune,4.920549856260751
elate,4.920114916778178
scalp,4.919711919856865
bride,4.919617680110479
hairy,4.918757471983733
lemon,4.918757226279448
pecan,4.917720475564682
fetal,4.9173219469023834
ankle,4.916039102086412
ultra,4.915041038635245
sheer,4.91391230278366
crash,4.911571042373253
teach,4.910713217314261
boule,4.909869472694537
broad,4.909426720515957
hasty,4.9092033954631145
untie,4.908223263967727
randy,4.907629387075512
shave,4.907245914197596
scold,4.9071662471767885
loose,4.906341652945063
towel,4.905685063385479
acorn,4.905264086071231
abled,4.9052367415356315
flier,4.903205157324558
plain,4.903057247199627
bagel,4.902739856038834
worst,4.902065224445863
naive,4.902026587484081
weary,4.902013055555524
braid,4.901782305983929
enact,4.900996850315538
leaky,4.8984129947038495
shout,4.898233534043336
semen,4.897965439468965
terra,4.897937743029256
creak,4.896675932536296
chore,4.896510291644269
carve,4.896283260011457
rifle,4.896277482918831
spurt,4.8944382642204
finer,4.894040471097568
filet,4.893797065200262
bathe,4.893060727549661
spout,4.892771358512507
leach,4.891864325077732
daunt,4.891518879550999
acrid,4.8909879147695845
today,4.89098320126982
piney,4.88985862956078
gloat,4.889201708819277
dress,4.887492675201995
ridge,4.887254712062039
blame,4.886054487713614
brute,4.885617800733867
bloat,4.885415128556205
siege,4.884374713538403
scout,4.883315011872246
honey,4.881484814787363
grant,4.880599513091208
gruel,4.880274427375755
abide,4.87957197703909
mural,4.8773724804219984
giant,4.876356748639695
credo,4.8759633075434605
mayor,4.874580760257878
sleep,4.873285192966636
amber,4.873239005811854
liken,4.871935024733359
poker,4.871590124271265
nerdy,4.868947801897061
tuber,4.868379616752949
sheik,4.868047317296425
slurp,4.867439593385529
sheet,4.865457339484757
guile,4.865001178433254
synod,4.864886743739451
other,4.86454121486051
plaid,4.86449654828705
lousy,4.863330803090277
recut,4.863316170041944
minor,4.862688889829218
tepid,4.861628578780341
grope,4.8613614630879
boney,4.861190712411091
crass,4.861134335061655
abort,4.8608420328645146
abode,4.859423289940861
slink,4.858331267830894
refit,4.857473040605623
guest,4.857334562965421
agent,4.856886558777667
lasso,4.856669490380423
sworn,4.855806855445707
sauna,4.855545674797295
slack,4.855460270836123
latte,4.853104036445576
depot,4.852961949210543
ample,4.852124350996153
facet,4.851243705109459
probe,4.851046519095761
voter,4.849742475719395
sling,4.849632037601663
baton,4.849322783241021
basic,4.8481935714453
frame,4.846436165021234
sumac,4.845920654683512
swirl,4.845606765910306
pilot,4.845493498952388
tango,4.845400968062134
alive,4.844588793671934
decay,4.84382247798154
gripe,4.842458790627444
tonga,4.842293246449319
bluer,4.839954821488211
wager,4.839663859001927
macro,4.839447666055293
bison,4.8394469136178335
aloud,4.839379996492844
arena,4.838485878655898
steed,4.838368447039581
point,4.83813711064425
cheat,4.83763597268872
plant,4.837432635354915
bused,4.836953768303561
lodge,4.836871048670018
golem,4.836524708939128
slimy,4.836415583511148
aorta,4.835541859671275
grasp,4.835199989610244
grime,4.833559711073037
ulcer,4.833332629605781
cargo,4.8322550500505
snaky,4.832070640367138
rivet,4.831810770952692
lover,4.830189060826233
adobe,4.829489200108528
first,4.829442518284639
navel,4.828246325348538
lemur,4.82704558712371
tiara,4.826320686712998
audit,4.822763463955724
cress,4.822214521517915
loamy,4.821723367299844
lurid,4.8214221508176
fried,4.8211129571005635
start,4.820778493761759
trove,4.820642198043871
press,4.820046415664398
stamp,4.819383263033282
treat,4.818639098986529
cagey,4.818390042161958
amend,4.818339144358494
parer,4.81816185373406
foist,4.817529936385332
biome,4.8166407660295345
rusty,4.816433958995671
clasp,4.816044443406055
shady,4.815423159777296
round,4.815079548413692
brash,4.814780858844959
modal,4.814438069987342
crust,4.814082502465531
reply,4.814002173823566
savoy,4.8138264336795515
yield,4.810676013825265
dense,4.810196354310259
agree,4.809472703201825
organ,4.809462580637677
roach,4.80922573458285
denim,4.8070170451251615
basis,4.806954021329488
force,4.806521767674881
noose,4.803915087854448
gaily,4.803904208211036
usher,4.803255303750233
spurn,4.802263439283878
piety,4.801348924245949
crude,4.800467114619673
swarm,4.799093398688427
sword,4.798917274241193
rehab,4.798812665320661
toast,4.798595733916311
frail,4.796868455429902
demon,4.79576383986009
frost,4.795744006906474
flair,4.795659128801081
gonad,4.7953315129866745
broil,4.7952221335301655
prude,4.7929723782216636
mince,4.792964271303773
begat,4.791609155284917
posse,4.791545653071732
break,4.79116721726022
heady,4.790899710631544
angst,4.79037781723178
lumen,4.790374758637747
court,4.789853421875028
weird,4.789659743801957
chair,4.7896495760762035
sheen,4.7890445461769335
ounce,4.788359008853491
disco,4.786157095050533
dirty,4.785949291971525
nomad,4.78540270139488
dopey,4.78531348534539
sewer,4.784906811712803
ester,4.784465595180216
glide,4.784455916940582
clash,4.783471878609598
relax,4.782364662891261
north,4.780360269282664
ovate,4.779960381686903
sprig,4.778674601096614
shank,4.777676825532366
intro,4.7770605685831145
spank,4.7766604062282365
sleek,4.776544336848085
irony,4.776267371662741
value,4.7751729710048245
adept,4.775131449738234
under,4.774638333679033
owner,4.773814680260422
silky,4.773688203500298
avert,4.771919490516794
print,4.771548130911255
cigar,4.770696466596408
dross,4.770372607381706
cower,4.7698656818795575
curio,4.769523734392201
wrist,4.768100138169947
power,4.76742060138457
faint,4.767241577921656
beady,4.767172230701179
valor,4.767010521481188
crave,4.766348216032441
scarf,4.766299017342186
amble,4.764477176827134
debit,4.764452448692738
liver,4.76356436015472
rebut,4.763070910503793
groin,4.763004210535714
grand,4.7612788631486875
virus,4.760920580297991
suing,4.760606648380689
broke,4.760163671167955
burst,4.75998108940667
brand,4.759301775843993
vista,4.759190393981753
tarot,4.758293095999789
tonic,4.7576256215505754
cobra,4.757070772837573
crept,4.755715462223875
image,4.7546351402763465
grass,4.753885075763179
leafy,4.753758566265815
stink,4.752280764210507
brass,4.751912102250312
knead,4.751629265619579
mower,4.750852233491148
snack,4.750816106426399
audio,4.7507597686067085
ralph,4.750632351463007
manly,4.750428297842392
nasal,4.75034288020464
robin,4.749921926775775
inlay,4.749625679515992
phone,4.749261810946191
deign,4.749093766875073
shunt,4.748808626424737
shove,4.748778187768962
wider,4.7486928181942
croak,4.748511958635816
scene,4.747955090342205
twine,4.7474018433400555
trite,4.747234359901518
gleam,4.746853065826514
eager,4.745479297044721
coupe,4.7444756838922695
steep,4.743715818054369
haunt,4.741941998929403
chest,4.741854230956325
flora,4.7417140277247904
class,4.7414057138270485
sting,4.741107628840827
dowel,4.740289388814014
foray,4.740070918102116
spiny,4.740061522422864
shiny,4.739397886560861
entry,4.738205542314942
crisp,4.7375921068391165
stack,4.737401807783288
aunty,4.737128452909716
corny,4.736739468501388
berth,4.735514818858065
fable,4.735348237513111
octal,4.734265278421902
prism,4.734169595655494
elite,4.734141252334307
pinto,4.732562664559062
visor,4.732265027354636
align,4.731723510891794
torso,4.730628716510488
beset,4.730149292350774
smirk,4.72800035833225
shirk,4.727358864646708
clued,4.727040915875578
smith,4.725436642196994
racer,4.725140861846163
fairy,4.7248039671296125
three,4.7244907703261685
dicey,4.723341502254817
began,4.7227428414878405
hardy,4.722200392978783
serve,4.721507815938047
viral,4.719514372520022
warty,4.719107901275151
foyer,4.718005168139718
midst,4.717988902158242
deter,4.717641288135505
panic,4.716904462274829
demur,4.716337796677593
erupt,4.716100797119114
whose,4.7141750702140754
felon,4.713809269923894
chart,4.713476076181604
float,4.712816836888105
gaunt,4.712587300173545
forge,4.711786949713134
swath,4.711774062278004
flame,4.711393107121359
thorn,4.7098295666817895
whale,4.709688508802165
badge,4.708947087980156
lusty,4.708497218851618
tempo,4.707092651414278
shaft,4.706460562641317
swept,4.706276483952763
swami,4.705453106639624
rhino,4.704669674308772
orbit,4.70422366925265
along,4.702972521021479
manic,4.699810177067399
guard,4.698837900978855
claim,4.6976532129345765
decry,4.696239737140709
psalm,4.696171669411233
abase,4.695953240057844
beret,4.694953449412317
hyena,4.6949298831413895
donut,4.694527135558998
tumor,4.693640560270614
cross,4.692873646704352
purge,4.6912412725041435
antic,4.689396026300772
trawl,4.68900582203291
roost,4.688036709903719
tramp,4.687293087924949
ranch,4.6870944729796395
lunge,4.684451800499234
moose,4.683858560029407
drank,4.683249922748566
mourn,4.681239750808795
sally,4.6809123149201675
tipsy,4.680897779899134
amiss,4.680677407568616
erode,4.680220968425274
retch,4.678319362790066
fecal,4.6782945097342505
bilge,4.677063925493493
maybe,4.675951582275387
mercy,4.674665487170048
maize,4.674637538814327
peach,4.6745018666435145
puree,4.674015114100634
adult,4.671383621310769
seedy,4.671274735051723
craze,4.666731016777365
carat,4.666458868512201
inept,4.6661306970741965
wafer,4.665957025920586
truss,4.6657187160256655
segue,4.66520253884839
voila,4.6644491657782305
ladle,4.664302104107931
drove,4.66331566620456
eagle,4.662696312075126
trait,4.662527572216207
moult,4.6616288138457485
gusto,4.661510662175525
shawl,4.660690828182946
stall,4.6596174437093785
speed,4.659492920373861
guide,4.658212411834847
halve,4.658064561706429
slick,4.6576377045607735
novel,4.656524725223627
dunce,4.656215117154087
sorry,4.65614356251925
sight,4.656080378179099
unmet,4.655942694349193
cabin,4.655865106559908
payee,4.655685449272457
stomp,4.655421147954902
risky,4.655028535486003
shelf,4.6549760041456265
amity,4.653563314520486
grave,4.651948485037232
sever,4.6517607664650535
sweet,4.6511203184345415
meter,4.65067701883794
ombre,4.650104562884699
corer,4.649815138320481
brave,4.649470336421281
tangy,4.649382131834035
bleak,4.6493756850768895
rodeo,4.649135881221429
horny,4.648999474923563
polka,4.6488367374371995
decoy,4.647701250129474
cover,4.647698414657153
final,4.6472419817475785
syrup,4.645697129417291
pasta,4.644576489344785
rival,4.644320497024344
drive,4.642655070103602
login,4.642633052412084
derby,4.641205100148825
truly,4.640788327815988
crony,4.640677418807166
glass,4.639843241608888
habit,4.6390538761881785
slunk,4.638146743479895
altar,4.6372320311890975
shaky,4.636545745492463
harpy,4.635783282574473
diver,4.634690655550343
hinge,4.6337362847676475
grief,4.633144055106347
wreak,4.632500119064632
slash,4.6324475512824055
viola,4.631812118344173
aloft,4.6315229630427694
slung,4.631392335512891
welsh,4.63063674371157
count,4.63021930157556
adopt,4.629909712683173
brief,4.629705673330545
mover,4.628883143849934
title,4.627664739455277
retro,4.6272036482060255
scamp,4.627085474357529
infer,4.626480625466537
fiery,4.624960232842499
bloke,4.623650979227674
olive,4.62301227773346
gavel,4.6221390119221075
gland,4.6221238419018
these,4.622001822167597
track,4.620666217189424
tubal,4.620248146062716
freak,4.6195656642014
spawn,4.619154704381613
preen,4.619146039999086
repel,4.618581635330511
choir,4.6183311382927865
madly,4.6182390339062005
globe,4.618069108630629
widen,4.617837493058129
gnome,4.617334340793892
flake,4.616420270585578
drier,4.614963837129039
azure,4.614505398564291
third,4.6141699644991565
bland,4.614129262874881
wield,4.614027080277311
admit,4.61268873347559
knelt,4.6126556846524345
enter,4.612119522752429
women,4.6115734702261655
torch,4.611364144669089
grout,4.610478468223351
bacon,4.610211560302397
buyer,4.608880634688999
leper,4.608877830331708
gazer,4.608804916013481
urban,4.6078309306248055
fresh,4.607655170293246
paper,4.607312443173241
fetid,4.6067476398251355
peace,4.606614374370043
scuba,4.6062134964879755
chain,4.606102926103514
micro,4.605579791941037
mount,4.605446884510035
rearm,4.6053853017257715
candy,4.605062527929971
draft,4.604903817010105
cloak,4.603736283159665
binge,4.603556234357193
field,4.603343565132125
bless,4.602370907380418
threw,4.601944378502408
primo,4.601529272212165
niche,4.601361076290704
lanky,4.599918862235815
scrum,4.599889735296289
haven,4.599646388055392
often,4.5995814455949455
uncle,4.599095490118779
askew,4.598943273726419
impel,4.598723228512838
fault,4.597144425514559
crank,4.596941959552022
girly,4.59402873733171
prank,4.5934954756056126
lapel,4.592765486796923
leery,4.592518239048383
mirth,4.5918376253749775
gnash,4.590845132946687
prove,4.59005500733393
greet,4.589681238320072
omega,4.589320389768858
proud,4.589234176438068
apnea,4.589179844906649
unlit,4.588748432036872
belie,4.588716447582596
latch,4.587554892182789
gross,4.58745124477388
dread,4.587349414926633
mango,4.587324096414114
wheat,4.585847250909659
goose,4.585628718634722
chard,4.583411073597046
sieve,4.5829636132853
fiber,4.581292085584224
clout,4.57947965410157
valid,4.57917535617948
lingo,4.578560583804681
awoke,4.576695303441991
taint,4.575505466766769
chide,4.575470190524293
covet,4.5748518191079315
flute,4.5741708143780615
caput,4.572695647049461
turbo,4.5725254516149985
world,4.5724264712250315
voice,4.572291542207334
datum,4.572129448721198
genre,4.571377476838426
sense,4.570777796528264
bowel,4.570715207550184
algae,4.570632653092894
pesky,4.569584016413332
clerk,4.568892252154095
perky,4.568538002692375
stock,4.5681438389950335
alley,4.568001796330886
movie,4.567342433652931
blend,4.5661167184862705
plume,4.565659633354059
aptly,4.564575274487593
study,4.563986369480402
dusty,4.5633378746358195
china,4.562363071592131
march,4.562353857086124
beach,4.562076533438593
stool,4.56076156642738
sooty,4.5603396819359245
could,4.560165093514327
crier,4.5601208375429225
hover,4.560109921318152
rupee,4.559948035169926
sheep,4.559738553804979
gourd,4.5570548371237924
sulky,4.554711838090602
truer,4.5545490386199035
chant,4.553711441961343
perch,4.553527754030003
ovine,4.5534027655657745
smack,4.553317991262941
waver,4.553087713328626
graze,4.552040075515256
inane,4.5510837169904175
there,4.550542156853933
overt,4.550295255917334
video,4.549089151551099
grind,4.548753861306341
rider,4.547343015226548
front,4.547212773223015
admin,4.547208962341584
midge,4.546795071247032
edict,4.5467253158860546
about,4.546681970902799
drawl,4.5460310830649995
neigh,4.545468875298662
vital,4.545360848856828
whole,4.5450687770191065
ensue,4.545060107035355
chute,4.544601318254857
brisk,4.544554468224158
focus,4.544474168513335
verse,4.543298843769705
seize,4.543162332919587
shrug,4.542847194475468
linen,4.54187986772822
basal,4.541091264732455
craft,4.540875310986402
glory,4.5407752190537
dried,4.540324983470547
wince,4.539960984477508
fiend,4.539819727978524
agate,4.5397417122223045
viper,4.538766126825991
twice,4.538332430142065
abate,4.538296984752846
shack,4.537430500115918
genie,4.537279774444726
tulip,4.536281727465337
ghost,4.5356309740227125
stick,4.534361636907292
spicy,4.5334618714527375
medic,4.532935045318601
aware,4.532777265186263
stilt,4.532709736565585
rebel,4.532587928587657
badly,4.5325709912361845
drawn,4.532506453324685
hazel,4.532294638495787
stunk,4.532053801119393
joist,4.53195924447176
faith,4.531398156279648
elder,4.531376409853003
elide,4.530410352844868
mauve,4.530178276351359
thief,4.528646539004985
cheap,4.527478311788285
creed,4.527023046840068
doing,4.526060058578968
begin,4.526012905288875
being,4.525646686869909
flyer,4.524824926267912
glint,4.5231975709285335
natal,4.522538371653193
stung,4.522283469867686
white,4.522108001630755
seven,4.521757419026493
hotly,4.52096909837667
ruler,4.520883443510759
until,4.520774036669328
while,4.519714628385718
rebar,4.51944266987239
handy,4.518358305438096
guilt,4.51808570214375
otter,4.5180481220123045
flirt,4.517410074601368
flash,4.516586913854699
agony,4.516555598830313
green,4.51638174219114
burnt,4.514662251776045
slump,4.513941161292815
built,4.513602380423795
angry,4.513479989205185
snowy,4.512823221914319
stash,4.512762946334801
total,4.512554670978277
waive,4.5123247192369815
shrub,4.51213068917077
forty,4.511835943097009
essay,4.510251266806887
topic,4.508865846558746
speck,4.508000315852272
debut,4.507248395320282
chasm,4.506161342298502
shift,4.505241542227322
tasty,4.504628256542156
liege,4.50448170464639
coven,4.504346271433369
label,4.504221110571772
vapor,4.504038094166423
girth,4.503122396574086
guess,4.502187988506161
birth,4.501343766084838
tawny,4.501024780914376
niece,4.49894859093628
chime,4.494127275563796
obese,4.493729545423315
pound,4.4927275878006725
scrub,4.492674869796711
caulk,4.490550254937999
crush,4.490406395575107
squat,4.488973744220802
wrath,4.4860251027197
grove,4.484999170099434
cyber,4.484986561286143
salsa,4.484849377718845
fraud,4.484647261147489
devil,4.484123490308235
musty,4.484121125813462
sooth,4.482751612382851
hyper,4.4826398612220375
order,4.482003718097998
exalt,4.481075356802861
scowl,4.481055058209561
twirl,4.480590505627528
mound,4.480097804973146
flesh,4.480051749857795
minty,4.479927913886685
small,4.47931235793032
shall,4.477171303808318
giver,4.47712620455171
pouty,4.475343276449133
curly,4.474773020801945
focal,4.4746434450951185
riper,4.474171005938652
vault,4.473078395373107
gloss,4.4722587667786735
drink,4.472147678145694
elope,4.472032177210545
tunic,4.471681274851604
prize,4.471311011406454
tweak,4.47101419692597
extra,4.471006643531674
briny,4.470693515856502
lefty,4.4706610267858
smoky,4.470440918391919
hovel,4.469183654921122
gamut,4.46909453719597
woken,4.4688215637584285
crawl,4.468724103494219
broth,4.467983946172078
depth,4.46730095394523
testy,4.466855060955273
cramp,4.466171172626423
slosh,4.465512483876199
exist,4.464234703158819
issue,4.4641548192262315
dingo,4.464066964016593
stint,4.4633181280809335
lyric,4.463272805980525
dozen,4.462658779792291
betel,4.4624541934629445
still,4.4610221957497975
clove,4.460508895595163
vicar,4.460270663169832
music,4.459303454918115
diode,4.459141920109011
roger,4.458682018288403
zonal,4.457834720229334
mania,4.457719173664413
bicep,4.456547360664055
aroma,4.456540957004652
cloud,4.456074800387339
abhor,4.455697859740729
clank,4.455244219877455
plank,4.45423765335205
ficus,4.453638838004272
grunt,4.453634099128281
rhyme,4.453568756532066
clang,4.452338493770292
dogma,4.451889490490363
month,4.451152247368757
brunt,4.450615992462843
egret,4.45042554779305
elfin,4.450114689982619
whine,4.44996017691889
shown,4.449353183408313
balmy,4.449345198095975
blond,4.448861888600006
blurt,4.448711299836511
woman,4.44600614344964
ebony,4.445289715234206
flask,4.444923320583558
spell,4.444834456929664
smell,4.444524985009142
titan,4.44338165194854
moldy,4.443217880501008
stood,4.440030863998778
bulge,4.439615709503091
shell,4.43948955622127
nudge,4.4394836271296585
leave,4.438359610212953
harsh,4.438312664802876
prawn,4.438204297274492
cavil,4.437052234931485
dwelt,4.436541254820269
bliss,4.434699711936326
fruit,4.434556978104937
zesty,4.433622504687167
below,4.433430835952222
chafe,4.432999565835547
zebra,4.432076530755902
allot,4.430670034258139
inner,4.4284755635376545
befit,4.428427548249108
bugle,4.427665939360801
vegan,4.42762946485311
spiky,4.426396536264356
strut,4.426279869675045
cloth,4.425881734774703
glaze,4.425063172944506
reedy,4.424960769712759
graft,4.424694131751229
radii,4.424565360983218
laugh,4.422567631146868
frond,4.422559585732553
hound,4.421790703779035
apart,4.4212369526228725
swamp,4.421091229487911
shoot,4.420844135290379
vaunt,4.419687813439024
blaze,4.41918097080184
chord,4.418949209475679
rural,4.418396418731962
trick,4.417859734860858
lucid,4.417823301296182
avoid,4.417406858057219
ardor,4.416409007749346
breed,4.416238638667779
rerun,4.41619307204448
prong,4.4159551419631615
canal,4.415472261410951
greed,4.415092731952298
choke,4.4150727088902855
silly,4.41501998528155
croup,4.413794090876781
unity,4.410494933711592
among,4.40900522730859
throb,4.408897181171642
merge,4.408767426167921
ratty,4.408169753257609
charm,4.407982883351873
rumba,4.407819110472554
sloop,4.406206908862474
worth,4.4061033399184595
aping,4.404925708419086
thank,4.404905554359554
totem,4.404380286073183
logic,4.40436621547917
drift,4.403421141589439
curve,4.403355497979314
blind,4.401711973937059
vague,4.401027463104531
bayou,4.400584847636171
trunk,4.400493834833666
eight,4.400111738793357
guild,4.399851085626928
creep,4.399168896233013
erect,4.398885842228922
feign,4.3984135268825195
forth,4.398178211070106
above,4.397525356182096
tulle,4.396911420055961
ingot,4.3941976300980015
crepe,4.3938038248700835
build,4.393336149722118
humor,4.392916498779734
gusty,4.392789420452711
newly,4.392439799928517
mangy,4.39216801007652
bound,4.391744876594226
retry,4.391734913195511
rally,4.391676988234642
stout,4.391495112488724
brush,4.391317509827815
human,4.391232488819829
tacky,4.390990540366606
gaudy,4.3879277029296855
smock,4.3874261982127445
stump,4.3870450700959625
koala,4.38534222397372
patch,4.3847905287423865
creme,4.383149306720171
morph,4.382702140688422
afoul,4.382581478661102
spool,4.382513298840309
flour,4.381816860994766
gorge,4.3815546687483815
magic,4.380502080512127
frisk,4.379594847120872
piece,4.378794036770874
anvil,4.378066931418131
boxer,4.377802038831423
porch,4.377451090652106
alarm,4.377294596009135
ovary,4.377208275335371
chess,4.376892817045322
legal,4.3752326776360455
knave,4.373871099609839
dimly,4.373779286829457
shock,4.3737393867943
macho,4.372707960323534
renew,4.3718417037061394
ahead,4.3717962746911425
plush,4.370711681720656
piper,4.369414178191016
nobly,4.36703535523433
mocha,4.3658694999460845
graph,4.365498679218805
doubt,4.36508279100841
femur,4.364978611893507
wooer,4.364074097106812
match,4.363920840330029
right,4.3636249689745625
covey,4.361424659610231
thyme,4.360367555801737
vocal,4.359876369915492
purer,4.359663525215143
burly,4.3595523247969235
major,4.358122002608234
mouth,4.3572207686079425
bigot,4.357128078159202
wagon,4.356783013082392
hymen,4.356376987758755
brawl,4.355446797429337
drown,4.3544473669793415
tacit,4.353649410096974
cleft,4.35254311488562
glove,4.352055167380942
flint,4.351685196657614
blank,4.3492960008874375
taunt,4.348412950113119
heath,4.347702040161309
spunk,4.347127320932578
gauze,4.347046645832487
sixty,4.346039402445267
aphid,4.3459526233655055
spasm,4.3459016727511885
eying,4.345119214403026
briar,4.344336825716802
armor,4.344032378999052
sweep,4.344003238067884
wordy,4.341140836284525
gipsy,4.341054176878035
swing,4.340863987598376
duvet,4.340321284433017
godly,4.339861174968658
enema,4.338972037751929
troll,4.338462523301277
rough,4.338103233797986
limbo,4.3375782408049455
smash,4.337565618453256
brawn,4.3366429488351
quiet,4.33514948787238
trust,4.334965876181893
given,4.3336444128311395
heavy,4.333036139880106
incur,4.332915207691479
pixel,4.331899427588559
yacht,4.331027685362193
borax,4.330327128761975
squad,4.330173884927619
adage,4.329389209537905
clamp,4.32930889369308
ruder,4.328640220439845
spoon,4.326946375196607
atoll,4.326531185764164
tract,4.3254633985378925
foamy,4.325047505237918
using,4.324299762324267
bravo,4.3234360323502266
frank,4.323366632507888
tally,4.323253594748471
venom,4.321806957065934
cheer,4.318052693778186
apple,4.317121514490145
snuck,4.316562261913263
youth,4.316122917932486
theta,4.315998595688511
gassy,4.315604565191946
showy,4.314137602915502
detox,4.314114117587606
quote,4.311524873496575
axion,4.311346623440434
cello,4.310691617359223
joker,4.310058824464463
knife,4.309769749198191
donor,4.3095532109622665
joust,4.308484038584389
skimp,4.308037486728062
touch,4.30766189397404
pence,4.307468232001382
creek,4.307377954092608
drama,4.307010014600008
stuck,4.306824632022743
utter,4.3046857025529945
newer,4.30316533256097
group,4.302769541010485
elude,4.302445428950185
froth,4.3015016654149765
notch,4.301228519518953
lofty,4.301221393913901
snoop,4.299596297679264
amply,4.298347809957155
belch,4.297574147562763
floss,4.296979195698963
rower,4.296864288165502
sappy,4.296782662884111
blunt,4.29672065536973
banal,4.296419873840167
motif,4.295287334842814
dowry,4.295057892533012
flout,4.294524149352528
quest,4.29349314886347
quite,4.292374735792462
circa,4.2916528540409065
carry,4.290388076143745
stoop,4.290322712973481
swift,4.288625261593125
prowl,4.288306260233182
ether,4.287986981703643
rocky,4.28707429111341
flume,4.283447952151067
quasi,4.283213009680731
umbra,4.283156154817883
joint,4.282600491086299
child,4.281801580943891
bleed,4.281435637640798
vapid,4.281384708898893
would,4.280965958509096
parry,4.2807400757810115
chief,4.280650192939474
fleet,4.279588257529437
brink,4.279496075742293
imbue,4.279269287912142
spill,4.278728386856294
throw,4.278469762285337
optic,4.276085319233826
oxide,4.274545317853544
vowel,4.274191170433894
kneel,4.273552691039109
lorry,4.273226360031372
sixth,4.272158625649517
lurch,4.271928056815884
begun,4.271924990689636
batch,4.270415799567223
crown,4.270320009701398
ledge,4.269715750859785
tithe,4.269547948789045
libel,4.269410023939047
deuce,4.268991002466292
favor,4.267609080780669
grimy,4.267578192095187
bingo,4.2673844320069865
bring,4.26638171387006
agape,4.265666510588849
drool,4.265636873019663
color,4.262452044510004
waxen,4.261652567465973
local,4.261629993993965
topaz,4.2605879037392445
marry,4.260104080723491
cumin,4.2599474803799975
boost,4.259919585952445
prior,4.259785904199582
crimp,4.259121307656687
ethic,4.258281066624852
blush,4.257379817163926
mogul,4.256984820236997
trump,4.255860674540543
revel,4.255633189594756
jaunt,4.255361203691213
drunk,4.255220174917102
odder,4.254859964209666
elect,4.254268548608419
hydro,4.253843622440689
canon,4.2535190621457515
gecko,4.249627750197644
quart,4.249363723479852
rowdy,4.247916436223492
light,4.24593237766141
gooey,4.245333699853304
freed,4.244706203176287
lever,4.244574113323326
toxin,4.243178398394341
trout,4.242980592155887
stunt,4.2416873200677685
tough,4.241476299238625
clink,4.241225086020129
loyal,4.240092222599144
thrum,4.239884924152582
arbor,4.239577485547392
parka,4.239521345951166
taboo,4.238959523586578
fancy,4.237820708479751
woven,4.237679683606209
bench,4.237362092900003
nerve,4.237357021365315
dryer,4.234773989975476
bribe,4.234362339773398
cling,4.234228115697812
unwed,4.233695573074444
merry,4.233354142589138
thong,4.2327529267517665
alloy,4.232594784773003
gauge,4.2310845695251675
defer,4.229972432761576
swell,4.229328053221139
album,4.229166215861247
octet,4.227923905627244
crowd,4.225526493553296
tying,4.225192165093299
wound,4.225064355961777
hello,4.224538793941584
endow,4.2240213384215055
dingy,4.223984823703791
needy,4.223917759425762
tutor,4.223346358201666
motor,4.2218710812271665
forum,4.2215399905614595
found,4.220907086169756
budge,4.220271023895369
chalk,4.219230592176507
unfed,4.21906144765295
hence,4.218831911236966
vogue,4.218645261258831
input,4.218629581719161
vomit,4.218217739989682
helix,4.216775061604424
rarer,4.212876268929549
froze,4.212810600248691
epoch,4.212341949042153
mossy,4.212247304545201
extol,4.211770561852195
eerie,4.210716682678515
moron,4.210290143836286
fella,4.208869004446601
phony,4.208149805596859
crypt,4.207304204947295
exact,4.207074609791325
churn,4.205110675926298
slush,4.204235458375821
birch,4.204062947290794
lilac,4.200174994455154
aglow,4.198646256297586
chirp,4.198411439219036
harry,4.198371037858567
etude,4.197309749943934
sully,4.196392786281741
lying,4.195772216329807
droll,4.19521423661316
dusky,4.195112868322658
again,4.194878072741126
pivot,4.194321448164766
fluke,4.193477581253196
think,4.193413753535774
whirl,4.19296344932945
truck,4.190849254077435
karma,4.187353802349192
ditch,4.1866330499983455
empty,4.186521903904486
eking,4.185606989672715
growl,4.185368781063278
prick,4.1846584084305825
wispy,4.182855296164595
vigor,4.181979220704225
twang,4.1819274117971625
filth,4.180986938860266
abyss,4.180181258804796
thing,4.1800107797807495
hefty,4.179280364247553
friar,4.176153541199523
dally,4.175958135726749
flank,4.175664470160497
young,4.174326814037201
rover,4.174023615229208
theme,4.173906309865326
pithy,4.169971489022203
milky,4.169822485458328
recur,4.169643239451255
never,4.168011325055729
cache,4.167566186112053
ivory,4.163938469423988
tenth,4.163177347774454
weigh,4.162646727956137
beget,4.162040890571069
troop,4.1618417601190485
elbow,4.161767874550026
drill,4.161556590797655
larva,4.161214913657
await,4.1606345104646385
ghoul,4.159798445668448
grown,4.159734595750258
pushy,4.159007185440887
evict,4.158246823526923
brown,4.157449951220115
cacti,4.156437131791125
wrong,4.156393623623352
quail,4.156201276164329
sushi,4.155994370336668
tryst,4.155368605223032
usual,4.155097101574512
fluid,4.153966914092236
night,4.150836939511417
skill,4.149923604247578
modem,4.149407965225046
mushy,4.145550289656489
honor,4.144967483605844
bible,4.14493906148441
welch,4.144854945960875
equal,4.144718097543203
downy,4.144703035841169
fixer,4.1446632535609105
quota,4.144415558073501
opium,4.144004862455045
junta,4.143889147863057
fatal,4.14365090637197
berry,4.143189399840118
black,4.140236798695069
heave,4.139987217025016
bleep,4.138688853735826
blink,4.1381307938723895
juice,4.1351107593602645
missy,4.133026670383561
humid,4.13266557255388
tenet,4.132279255795945
debug,4.130564973698695
kneed,4.130448219557979
clown,4.1294491429745355
amass,4.12818713177273
ditto,4.126919673298346
wrack,4.126620864086962
crazy,4.124994590752839
gravy,4.122199804492894
leech,4.121021825435356
swash,4.119732839140858
pinky,4.119332037578147
watch,4.11794774784711
swung,4.11645655597527
bossy,4.116319239696998
rigor,4.116073621705074
pitch,4.115960794768956
shuck,4.115396121248375
swoon,4.114959716697728
robot,4.114429792027725
envoy,4.111476555735183
sunny,4.110775209425951
musky,4.107364116166583
river,4.107306241852055
wring,4.106974654371223
revue,4.103591840939473
index,4.102401540513072
dough,4.098139043908103
tibia,4.0976518411882505
arrow,4.097494983100224
pinch,4.097123010543127
annoy,4.096900539902126
scoop,4.095663458738739
cabal,4.094574621587716
catty,4.094412954853755
fishy,4.094140534667801
tweed,4.092910377582995
colon,4.090900342474744
mecca,4.090301387985013
axiom,4.090083743120904
flush,4.088793915671858
murky,4.087506013414206
quake,4.086949004034859
wreck,4.086885468729225
lunch,4.0821597139037396
fetch,4.080701892209588
edify,4.080320937675583
patty,4.0802556518400594
ember,4.080187233164297
iliac,4.079254155055578
brick,4.077944937446956
dying,4.075965656127732
dodge,4.075311911976786
flaky,4.074168011394645
pouch,4.073423304285219
rabbi,4.072435018693002
botch,4.071104934785887
award,4.069867159041258
adapt,4.068329281351756
evade,4.0660520041125015
banjo,4.061066919106487
swill,4.0607478735429945
kiosk,4.059077840298207
lupus,4.056803915873921
pagan,4.053779442058798
husky,4.05325120214459
awake,4.052998043802447
unfit,4.052696961479642
valve,4.051889732284868
dwarf,4.050832726699464
where,4.049919496897712
delve,4.049715290656785
petty,4.0495645529219235
windy,4.048951685931086
dandy,4.0489306279522514
fudge,4.048362266887199
bushy,4.047716411166087
exult,4.046963309487657
ought,4.046064181066733
vodka,4.045434902791333
butte,4.044949979740598
udder,4.042778782867822
gouge,4.042334421332804
havoc,4.038458597783178
fence,4.037195611245965
crump,4.034334818549533
quash,4.032057081831355
annul,4.030701793155815
shook,4.026996063019204
canny,4.026261141823543
druid,4.024165164648075
might,4.022548992582652
spook,4.022198566775907
roomy,4.021989475112302
bawdy,4.021504074549084
verge,4.021301835394053
manga,4.021239570305501
climb,4.02091109504668
plunk,4.019810393001811
bylaw,4.018001927775976
blown,4.017467158719839
champ,4.0166951592242075
clung,4.016471465543979
whelp,4.013649009620437
waltz,4.013635561049372
droop,4.012023331270886
attic,4.010930308073153
brood,4.010582309166918
teddy,4.010573095285946
privy,4.009160501998582
imply,4.007006111924355
filmy,4.006642408236411
jerky,4.005978687702436
avail,4.005660159680608
pique,4.0030149573325895
soggy,4.001303928739113
cough,4.00084055480978
query,3.999616313755703
blimp,3.9991405149178334
abbey,3.9983421308685276
rumor,3.996351248149382
alibi,3.993953590695236
upper,3.993593729672232
lumpy,3.9910007420200726
toxic,3.989638857064433
venue,3.9873881468474357
frown,3.986612878828574
dolly,3.986360616002766
penny,3.9843635083503735
staff,3.981256829283792
grill,3.979095238886603
awash,3.978624794982555
hedge,3.978325464410253
width,3.9780987433965085
elegy,3.9776146480492254
fauna,3.9747256127545394
flail,3.97469322051775
batty,3.974320630053198
ferry,3.9708370032293914
flack,3.970550034120047
sassy,3.970159201868444
block,3.969995884873207
junto,3.9669628005780813
belly,3.9666066113094285
wheel,3.965519214095823
mafia,3.9649049804671876
conic,3.9645271748668325
limit,3.9630591882377932
thick,3.962406366112788
dutch,3.960337539055639
razor,3.9602509932554857
vinyl,3.9594915186416455
aloof,3.958957997493414
whisk,3.958936329261748
weave,3.956000683375327
owing,3.9553141474027935
bosom,3.9550672401880953
fling,3.953819303468786
afoot,3.9507211369866195
avian,3.9502260271305007
quilt,3.9474273349685047
frock,3.9470829180374594
enjoy,3.946551589575544
idiot,3.9441494821499745
folio,3.941419978098579
radar,3.9406376886318446
enemy,3.936410323635656
krill,3.9339101161047783
fleck,3.9328932455911847
crumb,3.9320211493410944
condo,3.9277970780905
exile,3.9274510593972334
ennui,3.9272869479053614
naval,3.9264233714416203
geese,3.924780997223364
mulch,3.924166101756476
fewer,3.9204766559932502
skull,3.9197035559551625
ionic,3.917655591529921
loopy,3.917511806280501
rugby,3.9163607251882464
swish,3.912349141728082
union,3.911795286435754
twist,3.911215789595846
wharf,3.9109555876673148
dilly,3.909075052767036
alpha,3.9080831258862814
comma,3.9049630785611407
floor,3.904163394957327
bough,3.9041417137707897
coach,3.9040415294270807
wacky,3.8947121864912377
clump,3.8923785635764823
amaze,3.890941481519469
swoop,3.89064796457714
allow,3.890383290908104
cycle,3.8896269282608253
array,3.8880864165334983
wrung,3.88666054110722
pubic,3.8856811583698128
ditty,3.8853134329905514
augur,3.8850595316132863
lucky,3.8847623762826125
picky,3.883953490009416
offer,3.8835119738128103
proxy,3.8829301495014614
whiny,3.882484186570358
outdo,3.8806766329844455
vixen,3.8774283490480452
punch,3.875523686557238
unify,3.874956087523445
melee,3.8715409476587683
blood,3.869584106003831
itchy,3.869328230942148
booty,3.8691140738649574
rigid,3.8644149188881602
munch,3.8638644929792365
assay,3.86263911425573
abbot,3.8624443179178396
spoof,3.8614552217465237
annex,3.858361768633139
quark,3.8581763009622
blitz,3.8574014365031006
bevel,3.8573128583745646
dumpy,3.8572004775287887
bulky,3.856765303213954
hussy,3.8558285205748803
toddy,3.8542578031138564
undue,3.8520782229658757
going,3.8518440644878322
squib,3.8518215771220126
curvy,3.8512863599016858
timid,3.851272948931752
kebab,3.8502722196418855
crook,3.8500300726782286
queer,3.849873866988242
cheek,3.8476113560405545
qualm,3.8471151533972834
savvy,3.8448221852772084
flown,3.84411764374669
witch,3.8439869217955516
gaffe,3.843883138969915
villa,3.843252529960088
weedy,3.84294764314988
axial,3.8420340514729108
howdy,3.8420210321400536
comfy,3.8366570512209353
hunky,3.8365202330064756
fritz,3.835955360708402
embed,3.834486561079728
groom,3.834373247991393
caddy,3.833964153384951
truth,3.8333938955367874
winch,3.831285434602911
gulch,3.828729050393463
exert,3.8286255523691155
mucus,3.828422403334105
lipid,3.8279629920868965
gawky,3.826895213170845
gayly,3.826567794111583
broom,3.8264151009327207
visit,3.8263506670066225
tepee,3.824738125401312
holly,3.823463845386064
finch,3.8234445304801223
paddy,3.8232626492145747
thump,3.8230372323507544
ninth,3.8219764603416495
nylon,3.820767543641074
fungi,3.8197214945624323
worry,3.817516994558651
shyly,3.817126283429992
awful,3.8167011938154385
pluck,3.8157735707007703
igloo,3.8140037460129856
penne,3.8136153227339733
event,3.81360842552117
crack,3.812827553726927
skulk,3.8119271526996568
aging,3.809871846140767
catch,3.8082673957868685
ozone,3.808088301137186
fatty,3.8079042617052297
geeky,3.80774344452896
frill,3.805073872233548
golly,3.805059250925021
furor,3.8047795857720272
tabby,3.8039019554155935
gumbo,3.7998562329233674
flock,3.7985650785926706
curry,3.7931302300680603
wedge,3.7931272238994014
epoxy,3.7927937075544884
beech,3.7926085423128595
leggy,3.791120574313646
sniff,3.790543967042052
belle,3.7868214293020026
fever,3.78432450703224
stiff,3.7806812875140574
humus,3.780340013529898
moody,3.7799980160141287
duchy,3.778784023337175
photo,3.776430075001679
pudgy,3.775812001023716
butch,3.7744406341263645
rotor,3.7738911551012584
flick,3.7696916039543718
plumb,3.7681664545235094
wight,3.7680853753278765
every,3.768008374576166
bunch,3.767264746823571
judge,3.765186697019423
booth,3.7621463467456615
apply,3.760555582629752
fight,3.759795349787969
mambo,3.7589586123767322
hatch,3.7586367892318444
bezel,3.752979752340033
hilly,3.751892615247438
knoll,3.7491182889712364
skunk,3.7477039783993518
brook,3.7454001131063994
flunk,3.7440693161215206
coyly,3.7382893249136977
fanny,3.7365010584686513
flung,3.7359095197880685
comic,3.733337396288219
error,3.732472992557759
wimpy,3.731918245725647
digit,3.7295193288478727
pupil,3.7273523318492363
dryly,3.726895887819697
chunk,3.725726166371656
usurp,3.7224094967374386
billy,3.7204547195992514
thumb,3.7175745415475
teeth,3.7167445923297406
wooly,3.7114615382096905
lymph,3.7104277468923477
queen,3.7101339353923923
outgo,3.709854963570274
nutty,3.7083399336751808
evoke,3.708024148097675
hurry,3.705625502789831
rajah,3.7048521584692007
freer,3.7036569380594546
bitty,3.701691489473036
dwell,3.7016699079339475
sissy,3.6985986851208352
refer,3.697673340174815
gloom,3.6974487594845957
flood,3.693164708600567
goody,3.6921682000950633
proof,3.6908459320458746
bloom,3.6873383717605455
dully,3.6859496030907755
equip,3.685672216575839
quoth,3.6812142909731267
occur,3.679447404608087
allay,3.6786051637352277
vouch,3.6766090056407963
forgo,3.6738936097477772
clack,3.6722337155301505
whack,3.669384351898832
polyp,3.6684804462117144
macaw,3.663698064494352
fjord,3.662154704149931
beefy,3.661744330309557
kitty,3.6614538912290766
booze,3.661395967383872
quirk,3.6610910932426206
ruddy,3.6609501411078034
chill,3.658460940157329
fussy,3.6518463220356185
mucky,3.6512679986698444
glyph,3.650976881826248
idiom,3.645936842266523
crock,3.6409363497459575
undid,3.6385557732087346
cacao,3.636659234582902
funky,3.6314745448010832
happy,3.631161313483207
bongo,3.6292260008977952
icily,3.6287674409100457
folly,3.6278606235312294
plaza,3.624941195788263
chili,3.6228617461774366
taffy,3.620322471982434
scoff,3.617519973780554
nymph,3.6089387490058336
oddly,3.608911394383474
offal,3.608476057263016
crick,3.603270861915497
hippo,3.6032668975420448
conch,3.6028468241398532
inbox,3.6015096318508193
papal,3.600777709168807
excel,3.5987115314105163
vying,3.5952790524426215
llama,3.594762452943374
khaki,3.5936157733495073
lobby,3.5902011684783677
lowly,3.5889394407177195
pixie,3.5889359630912514
expel,3.584974218419521
putty,3.5841707939500287
chump,3.5835728860573175
cabby,3.582474832020639
juicy,3.5803290043223526
theft,3.579015248286766
pooch,3.5746188233931124
tweet,3.573765137079585
tight,3.567848641328323
blurb,3.5666434692415905
snuff,3.5566555313051835
willy,3.555071655151006
ovoid,3.5548046451728417
filly,3.5487687860618506
stuff,3.5480727625659565
witty,3.541483717420869
jewel,3.537666472525379
ninja,3.5336122389132285
dodgy,3.5301819833100123
woody,3.527698867276633
unzip,3.52629058008929
cinch,3.5257817354181333
aback,3.5249906709712504
guava,3.5241590987625413
knack,3.5228401820188933
cynic,3.5167050745550066
juror,3.515500638750334
jelly,3.509695223713098
furry,3.5071574052342736
idyll,3.50624422177374
gully,3.5042075213165926
clock,3.498647523214241
bully,3.496903410224266
baggy,3.49672115988019
hitch,3.494220046786201
couch,3.493856941812375
pulpy,3.493671975007801
cocoa,3.4933028993857436
kinky,3.490188847340774
jetty,3.4898915464116507
myrrh,3.4898318873244016
tatty,3.4799969859295126
quack,3.4793075295424076
livid,3.475726627796162
skiff,3.46503487052272
click,3.4645511692175934
level,3.463913686877137
eject,3.456790619026512
onion,3.4567356731952983
giddy,3.4482759616067726
biddy,3.4464962665806103
verve,3.4407602063482106
thigh,3.4405006432862892
widow,3.436662072442765
emcee,3.434682783874267
madam,3.4270130078343417
uncut,3.422891542814722
maxim,3.418134913311629
bunny,3.4092120503765395
buxom,3.4007182652834653
fugue,3.398120321362021
slyly,3.3935036459445396
tooth,3.390803503816267
motto,3.385930526045404
wryly,3.3810082439378615
dowdy,3.375000064876241
civil,3.3698518518356018
quell,3.36479234401725
hippy,3.3621962855744965
shush,3.3618655845179917
fifty,3.360979401825978
nanny,3.356501771947655
knock,3.35531104321704
icing,3.349704401798003
goofy,3.345412163228609
cubic,3.3443867446951514
jolly,3.34041001055256
jumbo,3.3392938723409014
plump,3.33535396854199
gypsy,3.329099556766037
piggy,3.3274023913970128
fully,3.327211066432487
muddy,3.3168462020689238
check,3.306159159513245
hobby,3.301081632913042
dummy,3.298887479996743
cliff,3.2820935335742236
quick,3.2762746206585978
pizza,3.2741723340729965
hutch,3.2694811579634675
hunch,3.2631398755478065
fifth,3.258087282586044
vigil,3.2415951512082497
gamma,3.241449612387124
funny,3.2400760256378196
cluck,3.2380157266816703
femme,3.233010488154881
magma,3.2298751077853205
buddy,3.223242523222459
whoop,3.222971693038888
jumpy,3.215146469438872
known,3.21109011009355
daddy,3.200974553152018
quill,3.1953786911439237
kayak,3.192784432502223
kappa,3.1917830748361093
chock,3.1814015845061516
chaff,3.1763543951238997
chick,3.1393930127780183
foggy,3.130908074998374
boozy,3.116584325973467
gummy,3.1144524743777513
guppy,3.10858458748378
minim,3.10358818378553
gruff,3.0920570155486766
ninny,3.079351645051271
humph,3.0570535073364566
mammy,3.0478311732683196
buggy,3.000425165657209
which,2.9943208988096766
booby,2.9782836266286528
woozy,2.9522825070639125
dizzy,2.944423804756138
bluff,2.937042216009349
chuck,2.921342661057318
twixt,2.9181467323359684
affix,2.900512315569273
pygmy,2.890161252708697
queue,2.8894577335888236
puffy,2.884040852644111
poppy,2.8535733588271426
mimic,2.8344199824635825
whiff,2.7103705731137575
bobby,2.6872105666999584
mamma,2.67487394535646
fizzy,2.580843180429234
vivid,2.564678991248718
jazzy,2.562133035506549
puppy,2.5578297585646834
mummy,2.5537640712846406
jiffy,2.5475577279601636
civic,2.499586290205423
fuzzy,2.3571750543007113
fluff,2.353898107192726
